dataset,rmse,mae,r2_score,n_samples
train,5.4106198670321906,3.883182614823506,0.6128018845207778,18491
validation,7.639879770306312,4.772830329073148,0.40224298009684023,2641
test,6.171810888961057,4.3781575631039304,0.4096672565715467,5283
